id	raw_coverage	key_kmer	Class	Name	Copy number	Predicted size (overestimation)	Sequence
0	3955553	AAAAAAAAAAAAAAAAAAAAAAA	Microsatellite	(A)n	87022166.0	87.022	A
0	303088	AAACTGACATCAGGAACCTGGAC	SatDNA	Tgut191A	303088.0	57.89	AAACTGACATCAGGAACCTGGACTGGTGAGTTTTCTTTCCCAGGGAAAACAGCCGATGTTTGTGCTCAGGGCCCTGTGGCTCTGAGCCGGCAGCTGACTGCAAAAAATCCGAACATCGAAGGATAAGTCCCAGACAGGAGCTGCCCCCACCTCATACTTGTGCTGCCCTGACAGTCCCAGAGGAGCCCTAC
95	115040	ACACACACACACACACACACACA	Microsatellite	(AC)n	2415840.0	4.832	AC
97	111785	AAAGAAAGAAAGAAAGAAAGAAA	Microsatellite	(AAAG)n	2123915.0	8.496	AAAG
106	99430	AAAGAAAAGAAAAGAAAAGAAAA	Microsatellite	(AAAAG)n	1789740.0	8.949	AAAGA
117	90559	CCCCCCCCCCCCCCCCCCCCCCC	Microsatellite	(C)n	1992298.0	1.992	C
123	87377	AAGGAAAGGAAAGGAAAGGAAAG	Microsatellite	(AAAGG)n	1572786.0	7.864	AAGGA
146	73525	GGAACACCTGCCAGAAGCATGCC	SatDNA	Tgut716A	73525.0	52.644	GGAACACCTGCCAGAAGCATGCCAGTGGTGAATTGAAAGGGCAGGCAGCTGCAGCCACCGTCCTCTAGCAGTGCCAAGGCTGCGCACACAAGCCGGCTTCGTTCTTCGCCTCTCAGAAGCCAACCGCTCTCCCCGGCAGCCGGAGGCGAAGAAGCGGCTAGTACGTGCACCGCTGACTTGAACCGCACTTGTAGGCTGCAAAGCGCGGCTTCGGCAGAAAGACGCCGGCAACCGGCGCTTCCCTGCTCACATCTGCGGACAGCCGTAGTCTGCGTCTCTAGCGGACTGCATCATCGCCAAAAGCTTTTGAAGCGAGTCTCGCAGGGAGAAAGCTTGCACGCACAGTGCACGTATCCCGCTCTTGCCCAGAAACATGGATTTGCTGAACACTCCAAAAACACTGCTCTTTCCTAGGCAAGCTTCAAACTGCTGTCAGACGTCCGTGCTCTCTGTATTCTGCTGCCCTGCTCGTTGCTGTAGAGTGCACAGCACACCCTGGCATTCAGTGCACAGTGAAGGCAATTGCAAAAAACCAGCAGCTGCTCACTCCCAAACACAAGGCGCTGTCTATGTCCTTGCTTCCCGAGCAACTCAGCGCAGCCCTTCATTTCTGCAGCTGCCATCGAGTTCTCTGCATCTCAGAAGCTCAGGGCACGAACAAGAATTCTCCAGGACGTCTGCATCAGGACCAAGTCAAAACCCAGGAAAGTCGTCCT
184	67614	ATCCATCCATCCATCCATCCATC	Microsatellite	(ATCC)n	1284666.0	5.139	ATCC
223	63848	CTCTTCTCTTCTCTTCTCTTCTC	Microsatellite	(AAGAG)n	1149264.0	5.746	CTCTT
531	41684	AGGAAGGAAGGAAGGAAGGAAGG	Microsatellite	(AAGG)n	791996.0	3.168	AGGA
570	39423	AGATAGATAGATAGATAGATAGA	Microsatellite	(AGAT)n	749037.0	2.996	AGAT
668	35535	AAAAAGAAAAAGAAAAAGAAAAA	Microsatellite	(AAAAAG)n	604095.0	3.625	AAAAAG
679	35136	GAATAGAATAGAATAGAATAGAA	Microsatellite	(AATAG)n	632448.0	3.162	GAATA
717	33876	GAAAAGGAAAAGGAAAAGGAAAA	Microsatellite	(AAAAGG)n	575892.0	3.455	GAAAAG
795	30564	AGGAGAAGGAGAAGGAGAAGGAG	Microsatellite	(AAGGAG)n	519588.0	3.118	AGGAGA
901	26358	AAAACAAAACAAAACAAAACAAA	Microsatellite	(AAAAC)n	474444.0	2.372	AAAAC
921	25718	AGGGAAGGGAAGGGAAGGGAAGG	Microsatellite	(AAGGG)n	462924.0	2.315	AGGGA
1127	21688	AGAGAGAGAGAGAGAGAGAGAGA	Microsatellite	(AG)n	455448.0	0.911	AG
1279	19288	AACCCTAACCCTAACCCTAACCC	Microsatellite	(AACCCT)n	327896.0	1.967	AACCCT
1440	17506	AATAATAATAATAATAATAATAA	Microsatellite	(AAT)n	350120.0	1.05	AAT
1677	15328	GAGGAGGAGGAGGAGGAGGAGGA	Microsatellite	(AGG)n	306560.0	0.92	GAG
1696	15165	GGAGAGGAGAGGAGAGGAGAGGA	Microsatellite	(AGAGG)n	272970.0	1.365	GGAGA
1765	14715	AGAAGAAGAAGAAGAAGAAGAAG	Microsatellite	(AAG)n	294300.0	0.883	AGA
2015	12977	ATATATATATATATATATATATA	Microsatellite	(AT)n	272517.0	0.545	AT
2209	11747	AGCAGCAGCAGCAGCAGCAGCAG	Microsatellite	(AGC)n	234940.0	0.705	AGC
2298	11114	AACAACAACAACAACAACAACAA	Microsatellite	(AAC)n	222280.0	0.667	AAC
2333	10863	GAATGGAATGGAATGGAATGGAA	Microsatellite	(AATGG)n	195534.0	0.978	GAATG
2356	10734	ATCATCATCATCATCATCATCAT	Microsatellite	(ATC)n	214680.0	0.644	ATC
2416	10442	GCCCCAGTGCCAGCCCCAGTGCC	SatDNA	Tgut42A	10442.0	0.439	GCCCCAGTGCCAGCCCCAGTGCCAGCCCCAATGCCAGCGGCA
2432	10346	CCCATCCCATCCCATCCCATCCC	Microsatellite	(ATCCC)n	186228.0	0.931	CCCAT
2473	10110	AAAGGGAAAGGGAAAGGGAAAGG	Microsatellite	(AAAGGG)n	171870.0	1.031	AAAGGG
2871	8477	AAGAAAGCTGCTCCTCTGGGAAT	SatDNA	Tgut32A	8477.0	0.271	AAGAAAGCTGCTCCTCTGGGAATGCAGTGGGG
2900	8355	AAACTGAGGCACGGCTCAGGAAA	SatDNA	Tgut52A	8355.0	0.434	AAACTGAGGCACGGCTCAGGAAAACTGAGGCACGGCTCAGGGGCCTGGGGGG
2918	8310	AAAGAGAAAGAGAAAGAGAAAGA	Microsatellite	(AAAGAG)n	141270.0	0.848	AAAGAG
2974	8125	AAACCAAACCAAACCAAACCAAA	Microsatellite	(AAACC)n	146250.0	0.731	AAACC
3532	6956	AGGATAGGATAGGATAGGATAGG	Microsatellite	(AGGAT)n	125208.0	0.626	AGGAT
3546	6936	AAATAAATAAATAAATAAATAAA	Microsatellite	(AAAT)n	131784.0	0.527	AAAT
3772	6585	AAATAAAATAAAATAAAATAAAA	Microsatellite	(AAAAT)n	118530.0	0.593	AAATA
3908	6379	GAATGAATGAATGAATGAATGAA	Microsatellite	(AATG)n	121201.0	0.485	GAAT
3943	6327	CCAATCCAATCCAATCCAATCCA	Microsatellite	(AATCC)n	113886.0	0.569	CCAAT
3986	6277	AAAAACAAAAACAAAAACAAAAA	Microsatellite	(AAAAAC)n	106709.0	0.64	AAAAAC
4599	5558	TACTACTACTACTACTACTACTA	Microsatellite	(ACT)n	111160.0	0.333	TAC
4604	5554	CCTGGAGAAGGGAAGGATCCAGG	SatDNA	Tgut50A	5554.0	0.278	CCTGGAGAAGGGAAGGATCCAGGCAGAGCTCAGAGCCCCGGGAATGTTCC
4770	5378	CCTGCCCACAAGGGGATCTAGAG	SatDNA	Tgut378A	5378.0	2.033	CCTGCCCACAAGGGGATCTAGAGACAGACCCCAGCCCACTACACACACAACAGCCACAAAAAGCACACAAGGCACACCTGACCCTTCCCTTTTGCCCCTCGCCATGGCTGCCCAAGAAAACCCAAGCACCAGAGGCCCTCTGGCCAGCAGGCAGCAAAAGAAGCCTACTGCACCCAGTATTCCCAGGCGGTCTCCCATCCAAGTACTAACCGGGCCCGACCCTGCTTAGCTTCCGAGATCAGACGAGACCGGCCGCTCTCAGGGCGGTACGCCATAGGCACCTGGCAGCCCCACAGCAGCGCCCTTCAACCCACCACACCACGCTGCGGGAAGAAGCTCAGAACCCCACGGGAGCTTGACAAGCCCAGCAGGGCCACC
5219	5016	CCCAGATCCCCTCAGGGACTGCC	Unknown	loop	loop	CCAGATCCCCTCAGGGACTGCCCCAGATCCCCTCAGGGACTGCCCAGAGCCCCTCAGGGACTGCCCAGAGCC	5016	0.0	CCAGATCCCCTCAGGGACTGCCCCAGATCCCCTCAGGGACTGCCCAGAGCCCCTCAGGGACTGCCCAGAGCC
5258	4974	CCAGATCCCCTCAGGGACTGCCC	Unknown	loop	loop	CCAGATCCCCTCAGGGACTGCCCCAGATCCCCTCAGGGACTGCCCAGAGCCCCTCAGGGACTGCCCAGAGCC	4974	0.0	CCAGATCCCCTCAGGGACTGCCCCAGATCCCCTCAGGGACTGCCCAGAGCCCCTCAGGGACTGCCCAGAGCC
5831	4540	CCTGAATATCTATATCCAATATC	SatDNA	Tgut68A	4540.0	0.309	CCTGAATATCTATATCCAATATCCAAATGGTATTGAGATCTAAAAGAATATTGCATACCTGCAAGAAT
6063	4383	AAAGAAAAAAGAAAAAAGAAAAA	Microsatellite	(AAAAAAG)n	70128.0	0.491	AAAGAAA
6615	4085	TCATCTCATCTCATCTCATCTCA	Microsatellite	(AGATG)n	73530.0	0.368	TCATC
7309	3817	ATCATATCATATCATATCATATC	Microsatellite	(ATATC)n	68706.0	0.344	ATCAT
7664	3681	CTCACTCACTCACTCACTCACTC	Microsatellite	(ACTC)n	69939.0	0.28	CTCA
7794	3641	GACACTGGTGGCACAGGGACACA	SatDNA	Tgut25A	3641.0	0.091	GACACTGGTGGCACAGGGACACAGG
7836	3631	CTGCCCCAGATCCCCTCAGGGAC	Unknown	loop	loop	CCAGATCCCCTCAGGGACTGCCCCAGATCCCCTCAGGGACTGCCCAGAGCCCCTCAGGGACTGCCCAGAGCC	3631	0.0	CCAGATCCCCTCAGGGACTGCCCCAGATCCCCTCAGGGACTGCCCAGAGCCCCTCAGGGACTGCCCAGAGCC
8053	3569	AGATCCCCTCAGGGACTGCCCAG	Unknown	loop	loop	CCAGATCCCCTCAGGGACTGCCCCAGATCCCCTCAGGGACTGCCCAGAGCCCCTCAGGGACTGCCCAGAGCC	3569	0.0	CCAGATCCCCTCAGGGACTGCCCCAGATCCCCTCAGGGACTGCCCAGAGCCCCTCAGGGACTGCCCAGAGCC
8057	3568	AGCAGCAGGGATGGGGCAGCAGC	SatDNA	Tgut20A	10704.0	0.214	AGCAGCAGGGATGGGGCAGC
8087	3561	GATCCCCTCAGGGACTGCCCAGA	Unknown	loop	loop	CCAGATCCCCTCAGGGACTGCCCCAGATCCCCTCAGGGACTGCCCAGAGCCCCTCAGGGACTGCCCAGAGCC	3561	0.0	CCAGATCCCCTCAGGGACTGCCCCAGATCCCCTCAGGGACTGCCCAGAGCCCCTCAGGGACTGCCCAGAGCC
8303	3504	ATATACATATACATATACATATA	Microsatellite	(ACATAT)n	59568.0	0.357	ATATAC
8439	3469	GGGCACTGAAGGGTGTGAGGGCA	Unknown	loop	loop	ACTGAGGGGTGTGAGGGCACTGAAGGGTGTGAGGGCACTGAGGGGTGTGAGGGCACTGAGGGGTG	3469	0.0	ACTGAGGGGTGTGAGGGCACTGAAGGGTGTGAGGGCACTGAGGGGTGTGAGGGCACTGAGGGGTG
8643	3420	AATGAAATGAAATGAAATGAAAT	Microsatellite	(AAATG)n	61560.0	0.308	AATGA
8888	3366	AACCAACCAACCAACCAACCAAC	Microsatellite	(AACC)n	63954.0	0.256	AACC
8998	3346	CCTGAGGGGATCTGGGGCAGTCC	SatDNA	Tgut22A	3346.0	0.074	CCTGAGGGGATCTGGGGCAGTC
9268	3277	CCCTCACACCCCTCAGTGCCCTC	SatDNA	Tgut36A	3277.0	0.118	CCCTCACACCCCTCAGTGCCCTCACACCCTTCAGTG
9521	3207	CCCCTCAGGGACCCGCCCAGAGC	SatDNA	Tgut22B	3207.0	0.071	CCCCTCAGGGACCCGCCCAGAG
9642	3177	ATCTATATCTATATCTATATCTA	Microsatellite	(AGATAT)n	54009.0	0.324	ATCTAT
9844	3136	GAGGACGAGGACGAGGACGAGGA	Microsatellite	(ACGAGG)n	53312.0	0.32	GAGGAC
10514	3013	ATACATACATACATACATACATA	Microsatellite	(ACAT)n	57247.0	0.229	ATAC
10930	2949	GAGGAAGAGGAAGAGGAAGAGGA	Microsatellite	(AAGAGG)n	50133.0	0.301	GAGGAA
12900	2624	CCCGGCCCGGCCCGGCCCGGCCC	Microsatellite	(CCCGG)n	47232.0	0.236	CCCGG
13381	2561	CAGAGCAGAGCAGAGCAGAGCAG	Microsatellite	(AGAGC)n	46098.0	0.23	CAGAG
14431	2430	GACACACAGGGACACACAGGGAC	SatDNA	Tgut10A	31590.0	0.316	GACACACAGG
15474	2314	ATAACATAACATAACATAACATA	Microsatellite	(AACAT)n	41652.0	0.208	ATAAC
16006	2260	ACTGGGAGCACTGGGAGCACTGG	Microsatellite	(ACTGGGAGC)n	31640.0	0.285	ACTGGGAGC
16444	2220	ACCCCTCCCGCTCCCTTCAGGAC	SatDNA	Tgut54A	2220.0	0.12	ACCCCTCCCGCTCCCTTCAGGACACCCCAGCCCCCAATCTTTACCAGCTTGGAG
17582	2131	CACCATGGCACCTCTCCCCTCAC	SatDNA	Tgut55A	2131.0	0.117	CACCATGGCACCTCTCCCCTCACAGCCCCATCACGGCACATCTCCTCTCACTGCC
18278	2077	AGAAAGAGAGAAAGAGAGAAAGA	Microsatellite	(AAAGAGAG)n	31155.0	0.249	AGAAAGAG
18577	2058	GCAAAGTGCGCAGCCAGCGCAAA	SatDNA	Tgut81A	2058.0	0.167	GCAAAGTGCGCAGCCAGCGCAAACAAACAGCGGAAATAAGGAAACAGCGCAGCCCGGAGCTGCACGGGCACATCAGGCTAC
18710	2050	AGGAATAGGAATAGGAATAGGAA	Microsatellite	(AATAGG)n	34850.0	0.209	AGGAAT
19043	2032	GCCGTGCCGTGCCGTGCCGTGCC	Microsatellite	(ACGGC)n	36576.0	0.183	GCCGT
21200	1926	ATCTAATCTAATCTAATCTAATC	Microsatellite	(AATCT)n	34668.0	0.173	ATCTA
22917	1860	CCATGCCATGCCATGCCATGCCA	Microsatellite	(ATGCC)n	33480.0	0.167	CCATG
23272	1847	ATCGGAAGAGCAGATCGGAAGAG	SatDNA	Tgut13A	18470.0	0.24	ATCGGAAGAGCAG
25271	1780	AGGCAAGGCAAGGCAAGGCAAGG	Microsatellite	(AAGGC)n	32040.0	0.16	AGGCA
26718	1739	AAGAAGAAAGAAGAAAGAAGAAA	Microsatellite	(AAAGAAG)n	27824.0	0.195	AAGAAGA
27203	1724	GCCCTGCCCTGCCCTGCCCTGCC	Microsatellite	(AGGGC)n	31032.0	0.155	GCCCT
27455	1717	ACTGGTTTGAACTGGTTTGTACA	Unknown	loop	loop	TTATACTGGTTTGGACTGGTTTGAACTGGTTTGTACAAGTTTGGACCGGTTTGGACCGGTTTATACTGGTTTGGACTGGTTTGGGCTGGTTTATACTGGTTTGGACTGGT	1717	0.0	TTATACTGGTTTGGACTGGTTTGAACTGGTTTGTACAAGTTTGGACCGGTTTGGACCGGTTTATACTGGTTTGGACTGGTTTGGGCTGGTTTATACTGGTTTGGACTGGT
27472	1717	GACTGGTTTGAACTGGTTTGTAC	Unknown	loop	loop	TTATACTGGTTTGGACTGGTTTGAACTGGTTTGTACAAGTTTGGACCGGTTTGGACCGGTTTATACTGGTTTGGACTGGTTTGGGCTGGTTTATACTGGTTTGGACTGGT	1717	0.0	TTATACTGGTTTGGACTGGTTTGAACTGGTTTGTACAAGTTTGGACCGGTTTGGACCGGTTTATACTGGTTTGGACTGGTTTGGGCTGGTTTATACTGGTTTGGACTGGT
27883	1706	GGACTGGTTTGAACTGGTTTGTA	Unknown	loop	loop	TTATACTGGTTTGGACTGGTTTGAACTGGTTTGTACAAGTTTGGACCGGTTTGGACCGGTTTATACTGGTTTGGACTGGTTTGGGCTGGTTTATACTGGTTTGGACTGGT	1706	0.0	TTATACTGGTTTGGACTGGTTTGAACTGGTTTGTACAAGTTTGGACCGGTTTGGACCGGTTTATACTGGTTTGGACTGGTTTGGGCTGGTTTATACTGGTTTGGACTGGT
28047	1701	CAAACCAGTTCAAACCAGTCCAA	SatDNA	Tgut60A	1701.0	0.102	CAAACCAGTTCAAACCAGTCCAAACCAGTATAAACCGGTCCAAACCGGTCCAAACTTGTA
29010	1676	GATGCAGAGATCCACCCACAGCC	SatDNA	Tgut40A	1676.0	0.067	GATGCAGAGATCCACCCACAGCCCATGGGGATCCACGGGG
30916	1632	CCCATATCCCATATCCCATATCC	Microsatellite	(ATATCCC)n	26112.0	0.183	CCCATAT
32494	1597	GCCCCGGCCCCGGCCCCGGCCCC	Microsatellite	(CCCCGG)n	27149.0	0.163	GCCCCG
33181	1581	TCAATCAATCAATCAATCAATCA	Microsatellite	(AATC)n	30039.0	0.12	TCAA
33592	1572	CCCAAATCCATCCCCATCCCAAA	Unknown	loop	loop	CCCAAATCCATCCCCATCCCAAATCCTAAAAAAATCCTAAATCCCAAATCCAAAATCCCAAATCCTTAAAAATCCTGAATCCCAAATCCCAAATCCATCCCCATCCCAAAAAATCCAAAATCCTGAATCCCAAATCCATCCCGATCCCAAAAAATCCAAAATCCTG	1572	0.0	CCCAAATCCATCCCCATCCCAAATCCTAAAAAAATCCTAAATCCCAAATCCAAAATCCCAAATCCTTAAAAATCCTGAATCCCAAATCCCAAATCCATCCCCATCCCAAAAAATCCAAAATCCTGAATCCCAAATCCATCCCGATCCCAAAAAATCCAAAATCCTG
33731	1569	ATCCCAAATCCATCCCCATCCCA	Unknown	loop	loop	CCCAAATCCATCCCCATCCCAAATCCTAAAAAAATCCTAAATCCCAAATCCAAAATCCCAAATCCTTAAAAATCCTGAATCCCAAATCCCAAATCCATCCCCATCCCAAAAAATCCAAAATCCTGAATCCCAAATCCATCCCGATCCCAAAAAATCCAAAATCCTG	1569	0.0	CCCAAATCCATCCCCATCCCAAATCCTAAAAAAATCCTAAATCCCAAATCCAAAATCCCAAATCCTTAAAAATCCTGAATCCCAAATCCCAAATCCATCCCCATCCCAAAAAATCCAAAATCCTGAATCCCAAATCCATCCCGATCCCAAAAAATCCAAAATCCTG
34400	1555	TCCCAAATCCATCCCCATCCCAA	Unknown	loop	loop	CCCAAATCCATCCCCATCCCAAATCCTAAAAAAATCCTAAATCCCAAATCCAAAATCCCAAATCCTTAAAAATCCTGAATCCCAAATCCCAAATCCATCCCCATCCCAAAAAATCCAAAATCCTGAATCCCAAATCCATCCCGATCCCAAAAAATCCAAAATCCTG	1555	0.0	CCCAAATCCATCCCCATCCCAAATCCTAAAAAAATCCTAAATCCCAAATCCAAAATCCCAAATCCTTAAAAATCCTGAATCCCAAATCCCAAATCCATCCCCATCCCAAAAAATCCAAAATCCTGAATCCCAAATCCATCCCGATCCCAAAAAATCCAAAATCCTG
34412	1554	AATCCCAAATCCATCCCCATCCC	Unknown	loop	loop	CCCAAATCCATCCCCATCCCAAATCCTAAAAAAATCCTAAATCCCAAATCCAAAATCCCAAATCCTTAAAAATCCTGAATCCCAAATCCCAAATCCATCCCCATCCCAAAAAATCCAAAATCCTGAATCCCAAATCCATCCCGATCCCAAAAAATCCAAAATCCTG	1554	0.0	CCCAAATCCATCCCCATCCCAAATCCTAAAAAAATCCTAAATCCCAAATCCAAAATCCCAAATCCTTAAAAATCCTGAATCCCAAATCCCAAATCCATCCCCATCCCAAAAAATCCAAAATCCTGAATCCCAAATCCATCCCGATCCCAAAAAATCCAAAATCCTG
36109	1520	AATCCTGAATCCCAAATCCATCC	SatDNA	Tgut41A	1520.0	0.062	AATCCTGAATCCCAAATCCATCCCGATCCCAAAAAATCCAA
39117	1467	AGAGAAAGAGAGAGAAAGAGAGA	SatDNA	Tgut10B	19071.0	0.191	AGAGAAAGAG
40059	1452	AATAGAAATAGAAATAGAAATAG	Microsatellite	(AAATAG)n	24684.0	0.148	AATAGA
40299	1448	ACACACAGACACACAGACACACA	Microsatellite	(ACACACAG)n	21720.0	0.174	ACACACAG
43506	1399	CCCGTCCCGTCCCGTCCCGTCCC	Microsatellite	(ACGGG)n	25182.0	0.126	CCCGT
47878	1335	CCTCTTCCACTGAGGACAGCTCC	SatDNA	Tgut60B	1335.0	0.08	CCTCTTCCACTGAGGACAGCTCCTGGTCACTTGTGCTGTCCCATGGAATATCATCAATCG
48554	1326	CTATACTATACTATACTATACTA	Microsatellite	(ACTAT)n	23868.0	0.119	CTATA
49807	1309	ATCCCATCCCATGGATCCCATCC	SatDNA	Tgut14A	11781.0	0.165	ATCCCATCCCATGG
51584	1285	GAATAAGAATAAGAATAAGAATA	Microsatellite	(AAGAAT)n	21845.0	0.131	GAATAA
51777	1282	ATGGATATGGATATGGATATGGA	Microsatellite	(ATATCC)n	21794.0	0.131	ATGGAT
52896	1267	AAAAGGAAAAAGGAAAAAGGAAA	Microsatellite	(AAAAAGG)n	20272.0	0.142	AAAAGGA
53136	1264	ACAGACAGACAGACAGACAGACA	Microsatellite	(ACAG)n	24016.0	0.096	ACAG
54214	1252	ACCATACCATACCATACCATACC	Microsatellite	(ACCAT)n	22536.0	0.113	ACCAT
56955	1220	GGGACAGGGACAGGGACAGGGAC	Microsatellite	(ACAGGG)n	20740.0	0.124	GGGACA
57917	1208	CCTGCAGGAATGGCCTCATGGAA	SatDNA	Tgut35A	1208.0	0.042	CCTGCAGGAATGGCCTCATGGAAGTTGGAGCAGTG
59469	1189	CCGCCGCCGCCGCCGCCGCCGCC	Microsatellite	(CCG)n	23780.0	0.071	CCG
60522	1175	CAGCACAGCACAGCACAGCACAG	Microsatellite	(ACAGC)n	21150.0	0.106	CAGCA
60722	1172	AAGAAAGGAAGAAAGGAAGAAAG	Microsatellite	(AAAGGAAG)n	17580.0	0.141	AAGAAAGG
62813	1146	GAGAAGAGAGAAGAGAGAAGAGA	Microsatellite	(AAGAGAG)n	18336.0	0.128	GAGAAGA
67225	1096	GAGGATGAGGATGAGGATGAGGA	Microsatellite	(AGGATG)n	18632.0	0.112	GAGGAT
68960	1077	AGATGGAGATGGAGATGGAGATG	Microsatellite	(AGATGG)n	18309.0	0.11	AGATGG
69570	1071	GGCACCGGCACCGGCACCGGCAC	Microsatellite	(ACCGGC)n	18207.0	0.109	GGCACC
69576	1071	TCAAATCAAATCAAATCAAATCA	Microsatellite	(AAATC)n	19278.0	0.096	TCAAA
70388	1062	GGGAATGGGAATGGGAATGGGAA	Microsatellite	(AATGGG)n	18054.0	0.108	GGGAAT
73514	1030	GCCCAGCCCAGCCCAGCCCAGCC	Microsatellite	(AGCCC)n	18540.0	0.093	GCCCA
77620	990	GCCCCATCCCAATCCCCACACGC	SatDNA	Tgut39A	990.0	0.039	GCCCCATCCCAATCCCCACACGCCGTGTGCCACAGCCCG
77895	987	AGAGATAGAGATAGAGATAGAGA	Microsatellite	(AGAGAT)n	16779.0	0.101	AGAGAT
78081	986	GGAGGGAAGGAGGGAAGGAGGGA	Microsatellite	(AAGGAGGG)n	14790.0	0.118	GGAGGGAA
78965	978	CCGTGTCCCAGCCCGATCCATCC	SatDNA	Tgut23A	0.0	0.0	CCGTGTCCCAGCCCGATCCATCC
81152	960	CCAGCCCCAGCCCCAGCCCCAGC	Microsatellite	(AGCCCC)n	16320.0	0.098	CCAGCC
81868	954	GCCGAGCCGAGCCGAGCCGAGCC	Microsatellite	(AGCCG)n	17172.0	0.086	GCCGA
89369	899	CTCAGCTCAGCTCAGCTCAGCTC	Microsatellite	(AGCTC)n	16182.0	0.081	CTCAG
90651	890	AGAATTCACAGAATTCACAGAAT	Microsatellite	(AATTCACAG)n	12460.0	0.112	AGAATTCAC
90998	888	ATCCCAATCCCAATCCCAATCCC	Microsatellite	(AATCCC)n	15096.0	0.091	ATCCCA
92413	879	CCATCCCATCCATCCCATCCATC	Microsatellite	(ATCCATCCC)n	12306.0	0.111	CCATCCCAT
93799	870	AGGAGGAGAAGGAGGAGAAGGAG	Microsatellite	(AAGGAGGAG)n	12180.0	0.11	AGGAGGAGA
94981	863	GAAAGAAGGAAAGAAGGAAAGAA	Microsatellite	(AAAGAAGG)n	12945.0	0.104	GAAAGAAG
95316	861	GAATTGAATTGAATTGAATTGAA	Microsatellite	(AATTC)n	15498.0	0.077	GAATT
97521	848	CAAGAGAGGGGAAGTTCCAAGAG	SatDNA	Tgut17A	5088.0	0.086	CAAGAGAGGGGAAGTTC
103489	816	CCTTCCTTTCCTTCCTTTCCTTC	Microsatellite	(AAAGGAAGG)n	11424.0	0.103	CCTTCCTTT
104539	810	AAGAGAAAAGGGAGAGAAGAGAA	SatDNA	Tgut16A	5670.0	0.091	AAGAGAAAAGGGAGAG
105402	806	ATAATATGCTGGGCCATGCTATA	SatDNA	Tgut40B	806.0	0.032	ATAATATGCTGGGCCATGCTATATGAAGCTAGGCCATGTA
105745	804	CACAGCACCCAGAGGTGCCCCCA	SatDNA	Tgut31A	804.0	0.025	CACAGCACCCAGAGGTGCCCCCAGGGCTGGA
110574	779	AAAGGGAAAAGGGAAAAGGGAAA	Microsatellite	(AAAAGGG)n	12464.0	0.087	AAAGGGA
113179	767	AGAAAGAGAAAGAAAGAGAAAGA	SatDNA	Tgut10C	9971.0	0.1	AGAAAGAGAA
113303	767	GCACTGAGCCTTGCACTGTGACA	SatDNA	Tgut39B	767.0	0.03	GCACTGAGCCTTGCACTGTGACATTGGGGCACAGCTCTG
119041	741	AGCAGGAGCAGGAGCAGGAGCAG	Microsatellite	(AGCAGG)n	12597.0	0.076	AGCAGG
121157	732	AGCTCAGCACACAGAACAATCCT	Unknown	loop	loop	TCTCCAGCCCAGAACCAGCTCAGCACACAGAACAATCCTTCTCCAGCCCAGAACCAGCTCAGGCACACAGAACAATCCTTCTCCA	732	0.0	TCTCCAGCCCAGAACCAGCTCAGCACACAGAACAATCCTTCTCCAGCCCAGAACCAGCTCAGGCACACAGAACAATCCTTCTCCA
123046	724	CAGCTCAGCACACAGAACAATCC	Unknown	loop	loop	TCTCCAGCCCAGAACCAGCTCAGCACACAGAACAATCCTTCTCCAGCCCAGAACCAGCTCAGGCACACAGAACAATCCTTCTCCA	724	0.0	TCTCCAGCCCAGAACCAGCTCAGCACACAGAACAATCCTTCTCCAGCCCAGAACCAGCTCAGGCACACAGAACAATCCTTCTCCA
125360	715	TCACACTCACAGGCTCACACTCA	SatDNA	Tgut14B	6435.0	0.09	TCACACTCACAGGC
126962	708	AAAACCAAAACCAAAACCAAAAC	Microsatellite	(AAAACC)n	12036.0	0.072	AAAACC
127257	707	AAGGATTGTTCTGTGTGCTGAGC	SatDNA	Tgut39C	707.0	0.028	AAGGATTGTTCTGTGTGCTGAGCTGGTTCTGGGCTGGAG
129812	698	ATCCCCATCCCCATCCCCATCCC	Microsatellite	(ATCCCC)n	11866.0	0.071	ATCCCC
130708	695	CACCACCACCACCACCACCACCA	Microsatellite	(ACC)n	13900.0	0.042	CAC
135288	679	AGAAGAGAAGAAAAGGGAGAGAA	SatDNA	Tgut19A	2716.0	0.052	AGAAGAGAAGAAAAGGGAG
139121	667	TAATAGTAATAGTAATAGTAATA	Microsatellite	(AATAGT)n	11339.0	0.068	TAATAG
139157	666	AAATATAAATATAAATATAAATA	Microsatellite	(AAATAT)n	11322.0	0.068	AAATAT
141338	659	AAACATGGATCCTCTTATCAAAC	SatDNA	Tgut38A	659.0	0.025	AAACATGGATCCTCTTATCAAACATGGATCCCCTTATC
143481	652	AATTAATTAATTAATTAATTAAT	Microsatellite	(AATT)n	12388.0	0.05	AATT
146678	642	AAAAATAAAAATAAAAATAAAAA	Microsatellite	(AAAAAT)n	10914.0	0.065	AAAAAT
146815	642	ATCTGGGAAATAATCTGTGTGAC	SatDNA	Tgut41B	642.0	0.026	ATCTGGGAAATAATCTGTGTGACTGTGTAATGCACTGCAGC
148675	636	AAATTAAATTAAATTAAATTAAA	Microsatellite	(AAATT)n	11448.0	0.057	AAATT
148753	636	AGCCCATGCACAGGAACCCCAAA	SatDNA	Tgut40C	636.0	0.025	AGCCCATGCACAGGAACCCCAAACCACTGCAGAGAGCTGC
152640	625	GGGAAGGGGAAGGGGAAGGGGAA	Microsatellite	(AAGGGG)n	10625.0	0.064	GGGAAG
152792	624	AGAGGGTGGAAGTTCCAAGAGGG	SatDNA	Tgut17B	3744.0	0.064	AGAGGGTGGAAGTTCCA
157805	610	AGGCTTAGGAAGCTTGGTCTCCC	SatDNA	Tgut100A	610.0	0.061	AGGCTTAGGAAGCTTGGTCTCCCTGCCGAGGTAAGGTCGAACGTCCTGCCGAGCCTTACACTCGAACTCCGGCCAAGTCCCTTCGCCTGACTCTCCTACT
157895	610	CCAACCCAACCCAACCCAACCCA	Microsatellite	(AACCC)n	10980.0	0.055	CCAAC
160831	602	CACAGCCTCCTCCAGGGATCTTC	SatDNA	Tgut29A	602.0	0.017	CACAGCCTCCTCCAGGGATCTTCCCTGAA
162116	598	AGAAGGAAAGAAGAAGGAAAGAA	SatDNA	Tgut11A	7176.0	0.079	AGAAGGAAAGA
164141	592	AAATTCCACACTCTGATGGGAAA	SatDNA	Tgut32B	592.0	0.019	AAATTCCACACTCTGATGGGAAAAGCATTCCC
169021	579	AAATCTAAATCTAAATCTAAATC	Microsatellite	(AAATCT)n	9843.0	0.059	AAATCT
169487	578	AGGTGCTCAGAGGTGCTCAGAGG	SatDNA	Tgut10D	7514.0	0.075	AGGTGCTCAG
172640	570	AGAGAAAAGAGAAAAGAGAAAAG	Microsatellite	(AAAAGAG)n	9120.0	0.064	AGAGAAA
185122	541	CAGGATCAGGATCAGGATCAGGA	Microsatellite	(AGGATC)n	9197.0	0.055	CAGGAT
188629	533	ACAACCCCAACACCAGAGGAGAC	SatDNA	Tgut39D	533.0	0.021	ACAACCCCAACACCAGAGGAGACAACCCCAGAGGAGCCA
188913	533	GAGCACGGTGCACAGCACTGCCC	SatDNA	Tgut35B	533.0	0.019	GAGCACGGTGCACAGCACTGCCCACAGTGCACAGT
190833	528	AAACTAAACTAAACTAAACTAAA	Microsatellite	(AAACT)n	9504.0	0.048	AAACT
191962	526	ATTTCCATTTCCATTTCCATTTC	Microsatellite	(AAATGG)n	8942.0	0.054	ATTTCC
192186	526	GGGTGTGCAGGGACGGACAGACA	SatDNA	Tgut30A	526.0	0.016	GGGTGTGCAGGGACGGACAGACACAGCCTG
196362	517	TAACTAACTAACTAACTAACTAA	Microsatellite	(AACT)n	9823.0	0.039	TAAC
200676	507	AGGAAGGGAGGAAGGGAGGAAGG	Microsatellite	(AAGGGAGG)n	7605.0	0.061	AGGAAGGG
204271	499	AACCATTCGCTCCAGGTGCAGAT	SatDNA	Tgut513A	499.0	0.256	AACCATTCGCTCCAGGTGCAGATTTCGGGTTCACAGGGGGTGGTGGAGGAAGTTGTGGTAGACGTCGTCGGCGTGGGGCTGGTGGTGCTGGTGGAAGTGCTGATTTCCGTGGAGGTGGGACTCGTGGTGGTGGAGATGTAGGGCGTGGAGGTGGAGGTGGTGACAGTGGTGGTTGATGGGATGGTTGTGGTCGTGGTGCTGGTGGTGGGGCTGGTTGTTATCACGGGGATTGGGATTGAGCAGTTGTAGTTGGGGGTGCAGCAGAGCACGCGGATCTTGTAGTTGAGGCACATCTTGAATTTGCCCGTCTGGTCCTCGTTCTTGCACACCAGTCCAAAGTGGACGTCGCACTGCACGACCTGCCCCACCTGCTGGATGGCAACGTCAGGGTAGTCCTCCGCCTGGCACTCGATCTGCTTTGGCTGCCGGCAGATTCGCTTGCCGGCGGCGCGGATGTGCTGGTAGGTTTCGAAGTCTCCCTGGTTGGGCCCCGAGGAGGGGAAGTCGACGTCA
